strata,population,type
returnee,376,population_group
host,4596,population_group
idp,41338,population_group
refugee,59,population_group
special_idp,858,population_group
capital,2117,unconditional_cash
central_highlands,1423,unconditional_cash
east,3356,unconditional_cash
north,1724,unconditional_cash
north_east,4389,unconditional_cash
south,948,unconditional_cash
south_east,1870,unconditional_cash
west,8250,unconditional_cash
capital,544,conditional_cash
central_highlands,202,conditional_cash
east,3826,conditional_cash
north,5099,conditional_cash
north_east,1210,conditional_cash
south,1393,conditional_cash
south_east,692,conditional_cash
west,5072,conditional_cash
capital,28,non_beneficiary
central_highlands,22,non_beneficiary
east,781,non_beneficiary
north,1111,non_beneficiary
north_east,5083,non_beneficiary
south,87,non_beneficiary
south_east,2560,non_beneficiary
west,91,non_beneficiary
capital,2689,regional_total
central_highlands,2536,regional_total
east,7963,regional_total
north,7934,regional_total
north_east,14883,regional_total
south,2428,regional_total
south_east,5122,regional_total
west,13413,regional_total
capital,2661,beneficiary
central_highlands,2514,beneficiary
east,7182,beneficiary
north,6823,beneficiary
north_east,9800,beneficiary
south,2341,beneficiary
south_east,2562,beneficiary
west,13322,beneficiary
central_highlands,889,voucher
north_east,4201,in_kind
returnee,376,all_pop
host,4596,all_pop
idp,41338,all_pop
refugee,59,all_pop
special_idp,858,all_pop
non_ben,9763,all_pop
