"","question","num_non_response","perc_non_response","response_rate"
"1","adult_over_18_count",0,0,5039
"2","area_origin",0,0,5039
"3","assessment",0,0,5039
"4","breadwinner",0,0,5039
"5","consent",0,0,5039
"6","date",0,0,5039
"7","deviceid",0,0,5039
"8","disability",0,0,5039
"9","district",0,0,5039
"10","end",0,0,5039
"11","end_survey",0,0,5039
"12","enumerator_gender",0,0,5039
"13","enumerator_id",0,0,5039
"14","enumerator_uuid",0,0,5039
"15","female_1_4",0,0,5039
"16","female_18_59",0,0,5039
"17","female_5_17",0,0,5039
"18","female_60_over",0,0,5039
"19","female_less_1",0,0,5039
"20","gender_female_count",0,0,5039
"21","heating",0,0,5039
"22","hoh_marital",0,0,5039
"23","host_idps",0,0,5039
"24","household_size",0,0,5039
"25","household_total",0,0,5039
"26","list_displacement",0,0,5039
"27","livelihoods_bad_jobs",0,0,5039
"28","livelihoods_begging",0,0,5039
"29","livelihoods_children_work",0,0,5039
"30","livelihoods_debt",0,0,5039
"31","livelihoods_less_food",0,0,5039
"32","livelihoods_less_services",0,0,5039
"33","livelihoods_sell_assets",0,0,5039
"34","livelihoods_shelter_land",0,0,5039
"35","male_1_4",0,0,5039
"36","male_18_59",0,0,5039
"37","male_5_17",0,0,5039
"38","male_60_over",0,0,5039
"39","male_less_1",0,0,5039
"40","market_challenge",0,0,5039
"41","market_distance",0,0,5039
"42","market_transport",0,0,5039
"43","nfi_items",0,0,5039
"44","nfi_items.blankets",0,0,5039
"45","nfi_items.buckets",0,0,5039
"46","nfi_items.cook_fuel",0,0,5039
"47","nfi_items.gas",0,0,5039
"48","nfi_items.jerry_can",0,0,5039
"49","nfi_items.none",0,0,5039
"50","nfi_items.other",0,0,5039
"51","nfi_items.other_fuel",0,0,5039
"52","nfi_items.other_kitch",0,0,5039
"53","nfi_items.sleep_mat",0,0,5039
"54","nfi_items.solar",0,0,5039
"55","nfi_items.winter_clothing",0,0,5039
"56","nursing_count",0,0,5039
"57","other_item",0,0,5039
"58","price_change_blankets",0,0,5039
"59","price_change_bukhari",0,0,5039
"60","price_change_charcoal",0,0,5039
"61","price_change_cooking",0,0,5039
"62","price_change_gas",0,0,5039
"63","price_change_glass",0,0,5039
"64","price_change_jackets",0,0,5039
"65","price_change_stove",0,0,5039
"66","price_change_wood",0,0,5039
"67","priority",0,0,5039
"68","province",0,0,5039
"69","received_aid_mark",0,0,5039
"70","received_aid_mark_2",0,0,5039
"71","resp_age",0,0,5039
"72","resp_disability",0,0,5039
"73","resp_gender",0,0,5039
"74","resp_hoh",0,0,5039
"75","shelter_concerns",0,0,5039
"76","shelter_concerns.eviction",0,0,5039
"77","shelter_concerns.hosting_problems",0,0,5039
"78","shelter_concerns.landlord_problems",0,0,5039
"79","shelter_concerns.no_insulation",0,0,5039
"80","shelter_concerns.none",0,0,5039
"81","shelter_concerns.other",0,0,5039
"82","shelter_concerns.overcrowding",0,0,5039
"83","shelter_concerns.repair_materials",0,0,5039
"84","shelter_concerns.sanitation_bad",0,0,5039
"85","shelter_concerns.shelter_damage",0,0,5039
"86","shelter_concerns.unaffordable_rent",0,0,5039
"87","shelter_concerns.unsafe_female",0,0,5039
"88","shelter_repairs",0,0,5039
"89","shelter_repairs.cash_labour",0,0,5039
"90","shelter_repairs.cement",0,0,5039
"91","shelter_repairs.floor_mats",0,0,5039
"92","shelter_repairs.foundation_walls",0,0,5039
"93","shelter_repairs.gypsum",0,0,5039
"94","shelter_repairs.insulation",0,0,5039
"95","shelter_repairs.none",0,0,5039
"96","shelter_repairs.openings",0,0,5039
"97","shelter_repairs.other",0,0,5039
"98","shelter_repairs.roofing",0,0,5039
"99","shelter_repairs.soil",0,0,5039
"100","shelter_repairs.tarpaulin",0,0,5039
"101","shelter_repairs.tents",0,0,5039
"102","shelter_repairs.tools",0,0,5039
"103","shelter_type",0,0,5039
"104","start",0,0,5039
"105","tazkera",0,0,5039
"106","trip_payment",0,0,5039
"107","village",0,0,5039
"108","X_id",0,0,5039
"109","X_index",0,0,5039
"110","X_submission_time",0,0,5039
"111","X_uuid",0,0,5039
"112","pregnant",2,0.0396904147648343,5037
"113","income",74,1.46854534629887,4965
"114","cash_flow",284,5.63603889660647,4755
"115","cash_flow.govt_benefits",284,5.63603889660647,4755
"116","cash_flow.humanitarian_aid",284,5.63603889660647,4755
"117","cash_flow.loans",284,5.63603889660647,4755
"118","cash_flow.remittances",284,5.63603889660647,4755
"119","cash_flow.sell_assets",284,5.63603889660647,4755
"120","cash_flow.work",284,5.63603889660647,4755
"121","income_source",514,10.2004365945624,4525
"122","additional_help",708,14.0504068267513,4331
"123","received_aid_type",854,16.9478071045842,4185
"124","assessment_type",945,18.7537209763842,4094
"125","breastfeeding",998,19.8055169676523,4041
"126","aid_impact",1052,20.8771581663028,3987
"127","aid_in_time",1052,20.8771581663028,3987
"128","aid_late",1052,20.8771581663028,3987
"129","aid_month",1052,20.8771581663028,3987
"130","aid_preference",1052,20.8771581663028,3987
"131","bad_behavior",1052,20.8771581663028,3987
"132","cash_received",1052,20.8771581663028,3987
"133","complaint",1052,20.8771581663028,3987
"134","distribution",1052,20.8771581663028,3987
"135","feedback",1052,20.8771581663028,3987
"136","hh_in_need",1052,20.8771581663028,3987
"137","modality",1052,20.8771581663028,3987
"138","multiple_agencies",1052,20.8771581663028,3987
"139","negative_impact",1052,20.8771581663028,3987
"140","org_present",1052,20.8771581663028,3987
"141","other_aid",1052,20.8771581663028,3987
"142","satisfaction",1052,20.8771581663028,3987
"143","security_concerns",1052,20.8771581663028,3987
"144","transport",1052,20.8771581663028,3987
"145","transport_distance",1052,20.8771581663028,3987
"146","nfi_needs_met",1072,21.2740623139512,3967
"147","impact_continued",1215,24.1119269696368,3824
"148","un_cash_preferred",1309,25.977376463584,3730
"149","refugee",1454,28.8549315340345,3585
"150","strata_idp",1454,28.8549315340345,3585
"151","time_arrived",1454,28.8549315340345,3585
"152","aid_cash_debt",1559,30.9386783091883,3480
"153","aid_cash_edu",1559,30.9386783091883,3480
"154","aid_cash_food",1559,30.9386783091883,3480
"155","aid_cash_fuel",1559,30.9386783091883,3480
"156","aid_cash_health",1559,30.9386783091883,3480
"157","aid_cash_heating",1559,30.9386783091883,3480
"158","aid_cash_nfi",1559,30.9386783091883,3480
"159","aid_cash_other",1559,30.9386783091883,3480
"160","aid_cash_rent",1559,30.9386783091883,3480
"161","aid_cash_savings",1559,30.9386783091883,3480
"162","aid_cash_shelter",1559,30.9386783091883,3480
"163","aid_cash_transport",1559,30.9386783091883,3480
"164","aid_currency",1559,30.9386783091883,3480
"165","cash_challenge",1559,30.9386783091883,3480
"166","cash_challenge.assistace_not_enough",1559,30.9386783091883,3480
"167","cash_challenge.exchance_money_difficult",1559,30.9386783091883,3480
"168","cash_challenge.items_not_in_market",1559,30.9386783091883,3480
"169","cash_challenge.market_distance",1559,30.9386783091883,3480
"170","cash_challenge.no_access_disability",1559,30.9386783091883,3480
"171","cash_challenge.no_women",1559,30.9386783091883,3480
"172","cash_challenge.none",1559,30.9386783091883,3480
"173","cash_challenge.security_threats",1559,30.9386783091883,3480
"174","cash_spend",1559,30.9386783091883,3480
"175","collect_cash",1559,30.9386783091883,3480
"176","prefer_currency",1559,30.9386783091883,3480
"177","prefer_currency_why",1559,30.9386783091883,3480
"178","help_item_other_fuel",1627,32.2881524111927,3412
"179","aid_spent_food",1754,34.8084937487597,3285
"180","debt_consent",1760,34.9275649930542,3279
"181","debt_pay",1760,34.9275649930542,3279
"182","cash_afs",1776,35.2450883111729,3263
"183","shelter_needs_met",1895,37.6066679896805,3144
"184","debt_amount",1917,38.0432625520937,3122
"185","shelter_needs_bad",2135,42.3695177614606,2904
"186","shelter_needs_bad.adults_work",2135,42.3695177614606,2904
"187","shelter_needs_bad.borrow_materials",2135,42.3695177614606,2904
"188","shelter_needs_bad.borrow_money",2135,42.3695177614606,2904
"189","shelter_needs_bad.children_beg",2135,42.3695177614606,2904
"190","shelter_needs_bad.nothing",2135,42.3695177614606,2904
"191","shelter_needs_bad.other",2135,42.3695177614606,2904
"192","shelter_needs_bad.redirect_money",2135,42.3695177614606,2904
"193","shelter_needs_bad.reduce_expenses_food",2135,42.3695177614606,2904
"194","shelter_needs_bad.reduce_expenses_nonfood",2135,42.3695177614606,2904
"195","shelter_needs_bad.scavenge",2135,42.3695177614606,2904
"196","shelter_needs_bad.sell_assets",2135,42.3695177614606,2904
"197","shelter_needs_bad.sell_land",2135,42.3695177614606,2904
"198","shelter_needs_bad.sell_other_assets",2135,42.3695177614606,2904
"199","heating_coping",2138,42.4290533836079,2901
"200","nfi_needs_bad",2450,48.620758086922,2589
"201","nfi_needs_bad.adults_work",2450,48.620758086922,2589
"202","nfi_needs_bad.borrow_materials",2450,48.620758086922,2589
"203","nfi_needs_bad.borrow_money",2450,48.620758086922,2589
"204","nfi_needs_bad.children_beg",2450,48.620758086922,2589
"205","nfi_needs_bad.nothing",2450,48.620758086922,2589
"206","nfi_needs_bad.other",2450,48.620758086922,2589
"207","nfi_needs_bad.redirect_money",2450,48.620758086922,2589
"208","nfi_needs_bad.reduce_expenses_food",2450,48.620758086922,2589
"209","nfi_needs_bad.reduce_expenses_nonfood",2450,48.620758086922,2589
"210","nfi_needs_bad.scavenge",2450,48.620758086922,2589
"211","nfi_needs_bad.sell_assets",2450,48.620758086922,2589
"212","nfi_needs_bad.sell_land",2450,48.620758086922,2589
"213","nfi_needs_bad.sell_other_assets",2450,48.620758086922,2589
"214","aid_spent_fuel",2498,49.573328041278,2541
"215","aid_spent_heating",2914,57.8289343123636,2125
"216","cash_spend_how",2961,58.7616590593372,2078
"217","cash_spend_how.blankets",2961,58.7616590593372,2078
"218","cash_spend_how.emergency_shelter_kit",2961,58.7616590593372,2078
"219","cash_spend_how.gas_cylinder_bukhari",2961,58.7616590593372,2078
"220","cash_spend_how.kitchen_items",2961,58.7616590593372,2078
"221","cash_spend_how.labour",2961,58.7616590593372,2078
"222","cash_spend_how.none",2961,58.7616590593372,2078
"223","cash_spend_how.other",2961,58.7616590593372,2078
"224","cash_spend_how.other_fuel",2961,58.7616590593372,2078
"225","cash_spend_how.replacement_tent",2961,58.7616590593372,2078
"226","cash_spend_how.shelter_materials_upg",2961,58.7616590593372,2078
"227","cash_spend_how.shelter_repair_items",2961,58.7616590593372,2078
"228","cash_spend_how.shelter_tools_upg",2961,58.7616590593372,2078
"229","cash_spend_how.sleeping_mats",2961,58.7616590593372,2078
"230","cash_spend_how.solar",2961,58.7616590593372,2078
"231","cash_spend_how.tarpaulin",2961,58.7616590593372,2078
"232","cash_spend_how.water_storage_containers",2961,58.7616590593372,2078
"233","cash_spend_how.winter_clothing",2961,58.7616590593372,2078
"234","help_item_blankets",3037,60.2698948204009,2002
"235","challenge_type",3065,60.8255606271086,1974
"236","challenge_type.cash_not_enough",3065,60.8255606271086,1974
"237","challenge_type.currency_not_accepted",3065,60.8255606271086,1974
"238","challenge_type.currency_poor_rate",3065,60.8255606271086,1974
"239","challenge_type.long_distance",3065,60.8255606271086,1974
"240","challenge_type.no_access_security",3065,60.8255606271086,1974
"241","challenge_type.no_access_snow",3065,60.8255606271086,1974
"242","challenge_type.no_transport_assistance",3065,60.8255606271086,1974
"243","challenge_type.not_available",3065,60.8255606271086,1974
"244","challenge_type.other",3065,60.8255606271086,1974
"245","challenge_type.poor_quality",3065,60.8255606271086,1974
"246","challenge_type.price_increases",3065,60.8255606271086,1974
"247","cash_conditional",3079,61.1033935304624,1960
"248","help_shelter_opening",3122,61.9567374479063,1917
"249","help_item_winter_clothing",3154,62.5917840841437,1885
"250","cond_spend",3198,63.46497320897,1841
"251","help_item_gas_fuel_bukhari",3223,63.9611033935305,1816
"252","debt_not_pay",3341,66.3028378646557,1698
"253","debt_not_pay.adults_work",3341,66.3028378646557,1698
"254","debt_not_pay.borrow_materials",3341,66.3028378646557,1698
"255","debt_not_pay.borrow_money",3341,66.3028378646557,1698
"256","debt_not_pay.children_beg",3341,66.3028378646557,1698
"257","debt_not_pay.nothing",3341,66.3028378646557,1698
"258","debt_not_pay.other",3341,66.3028378646557,1698
"259","debt_not_pay.reduce_expenses_food",3341,66.3028378646557,1698
"260","debt_not_pay.reduce_expenses_nonfood",3341,66.3028378646557,1698
"261","debt_not_pay.scavenge",3341,66.3028378646557,1698
"262","debt_not_pay.sell_assets",3341,66.3028378646557,1698
"263","debt_not_pay.sell_land",3341,66.3028378646557,1698
"264","help_cook_fuel",3468,68.8231792022227,1571
"265","aid_spent_health",3503,69.5177614606073,1536
"266","idp_returnee",3585,71.1450684659655,1454
"267","cond_cash_explain",3614,71.7205794800556,1425
"268","help_shelter_roof",3708,73.5860289740028,1331
"269","help_shelter_tarpaulin",3854,76.4834292518357,1185
"270","help_shelter_foundation",3932,78.0313554276642,1107
"271","aid_spent_rent",3950,78.3885691605477,1089
"272","other_hh_aid",3987,79.1228418336972,1052
"273","debt_pay_how",3992,79.2220678706093,1047
"274","debt_pay_how.adults_work",3992,79.2220678706093,1047
"275","debt_pay_how.borrow_materials",3992,79.2220678706093,1047
"276","debt_pay_how.borrow_money",3992,79.2220678706093,1047
"277","debt_pay_how.children_beg",3992,79.2220678706093,1047
"278","debt_pay_how.nothing",3992,79.2220678706093,1047
"279","debt_pay_how.other",3992,79.2220678706093,1047
"280","debt_pay_how.redirect_money",3992,79.2220678706093,1047
"281","debt_pay_how.reduce_expenses_food",3992,79.2220678706093,1047
"282","debt_pay_how.reduce_expenses_nonfood",3992,79.2220678706093,1047
"283","debt_pay_how.scavenge",3992,79.2220678706093,1047
"284","debt_pay_how.sell_assets",3992,79.2220678706093,1047
"285","debt_pay_how.sell_land",3992,79.2220678706093,1047
"286","debt_pay_how.sell_other_assets",3992,79.2220678706093,1047
"287","nfi_needs_met_non_bene",3995,79.2816034927565,1044
"288","help_shelter_mats",4057,80.5120063504664,982
"289","aid_spent_nfi",4103,81.4248858900576,936
"290","shelter_needs_met_non_bene",4159,82.5362175034729,880
"291","aid_spent_debt",4218,83.7070847390355,821
"292","aid_spent_shelter",4235,84.0444532645366,804
"293","aid_spent_transport",4317,85.6717602698948,722
"294","help_shelter_cash_labour",4327,85.870212343719,712
"295","hoh_age",4440,88.1127207779321,599
"296","hoh_disability",4440,88.1127207779321,599
"297","hoh_gender",4440,88.1127207779321,599
"298","returnee",4447,88.251637229609,592
"299","aid_benefit",4458,88.4699345108156,581
"300","aid_tensions",4458,88.4699345108156,581
"301","most_in_need",4458,88.4699345108156,581
"302","help_shelter_soil",4559,90.4743004564398,480
"303","cond_spend_items",4588,91.0498114705299,451
"304","help_shelter_insulation",4602,91.3276443738837,437
"305","cond_spend_items_what",4651,92.3000595356222,388
"306","help_sleep_mat",4701,93.292319904743,338
"307","hosting_time",4717,93.6098432228617,322
"308","relationship",4717,93.6098432228617,322
"309","aid_challenges",4720,93.6693788450089,319
"310","aid_items",4720,93.6693788450089,319
"311","aid_items.blankets",4720,93.6693788450089,319
"312","aid_items.emergency_shelter_kit",4720,93.6693788450089,319
"313","aid_items.gas_cylinder_bukhari",4720,93.6693788450089,319
"314","aid_items.kitchen_items",4720,93.6693788450089,319
"315","aid_items.labour",4720,93.6693788450089,319
"316","aid_items.none",4720,93.6693788450089,319
"317","aid_items.other",4720,93.6693788450089,319
"318","aid_items.other_fuel",4720,93.6693788450089,319
"319","aid_items.replacement_tent",4720,93.6693788450089,319
"320","aid_items.shelter_materials_upg",4720,93.6693788450089,319
"321","aid_items.shelter_repair_items",4720,93.6693788450089,319
"322","aid_items.shelter_tools_upg",4720,93.6693788450089,319
"323","aid_items.sleeping_mats",4720,93.6693788450089,319
"324","aid_items.solar",4720,93.6693788450089,319
"325","aid_items.tarpaulin",4720,93.6693788450089,319
"326","aid_items.water_storage_containers",4720,93.6693788450089,319
"327","aid_items.winter_clothing",4720,93.6693788450089,319
"328","aid_quality",4720,93.6693788450089,319
"329","most_important_items",4720,93.6693788450089,319
"330","most_important_items.blankets",4720,93.6693788450089,319
"331","most_important_items.emergency_shelter_kit",4720,93.6693788450089,319
"332","most_important_items.gas_cylinder_bukhari",4720,93.6693788450089,319
"333","most_important_items.kitchen_items",4720,93.6693788450089,319
"334","most_important_items.labour",4720,93.6693788450089,319
"335","most_important_items.none",4720,93.6693788450089,319
"336","most_important_items.other",4720,93.6693788450089,319
"337","most_important_items.other_fuel",4720,93.6693788450089,319
"338","most_important_items.replacement_tent",4720,93.6693788450089,319
"339","most_important_items.shelter_materials_upg",4720,93.6693788450089,319
"340","most_important_items.shelter_repair_items",4720,93.6693788450089,319
"341","most_important_items.shelter_tools_upg",4720,93.6693788450089,319
"342","most_important_items.sleeping_mats",4720,93.6693788450089,319
"343","most_important_items.solar",4720,93.6693788450089,319
"344","most_important_items.tarpaulin",4720,93.6693788450089,319
"345","most_important_items.water_storage_containers",4720,93.6693788450089,319
"346","most_important_items.winter_clothing",4720,93.6693788450089,319
"347","trade_items",4720,93.6693788450089,319
"348","aid_satisfaction",4731,93.8876761262155,308
"349","no_shelter",4777,94.8005556658067,262
"350","prefer_currency_why_other",4780,94.860091287954,259
"351","condition_other_fuel",4793,95.1180789839254,246
"352","last_other_fuel",4793,95.1180789839254,246
"353","condition_gas_cylinder_bukhari",4802,95.2966858503671,237
"354","last_gas_cylinder_bukhari",4802,95.2966858503671,237
"355","distribution_challenge",4809,95.4356023020441,230
"356","distribution_challenge.men_women_together",4809,95.4356023020441,230
"357","distribution_challenge.no_id",4809,95.4356023020441,230
"358","distribution_challenge.not_safe",4809,95.4356023020441,230
"359","distribution_challenge.other",4809,95.4356023020441,230
"360","distribution_challenge.rude_staff",4809,95.4356023020441,230
"361","distribution_challenge.wait_2_hours",4809,95.4356023020441,230
"362","distribution_challenge.wrong_amount",4809,95.4356023020441,230
"363","help_item_kitchen_materials",4815,95.5546735463386,224
"364","cash_usd",4822,95.6935899980155,217
"365","help_shelter_new_tent",4822,95.6935899980155,217
"366","help_item_solar_lamp",4834,95.9317324866045,205
"367","vendor",4851,96.2691010121056,188
"368","vendor_challenge",4851,96.2691010121056,188
"369","voucher_explain",4851,96.2691010121056,188
"370","voucher_goods",4851,96.2691010121056,188
"371","voucher_goods.blankets_clothing",4851,96.2691010121056,188
"372","voucher_goods.bukhari_stove",4851,96.2691010121056,188
"373","voucher_goods.gas_cylinder",4851,96.2691010121056,188
"374","voucher_goods.other",4851,96.2691010121056,188
"375","voucher_goods.other_heating_fuel",4851,96.2691010121056,188
"376","voucher_goods.rent",4851,96.2691010121056,188
"377","voucher_goods.wood",4851,96.2691010121056,188
"378","voucher_where",4851,96.2691010121056,188
"379","help_shelter_tools",4853,96.3087914268704,186
"380","modality_maj",4860,96.4477078785473,179
"381","help_shelter_cement",4898,97.2018257590792,141
"382","complaint_resolved",4908,97.4002778329034,131
"383","debt_pay_how_other",4916,97.5590394919627,123
"384","con_cash_preferred",4919,97.6185751141099,120
"385","returnee_location",4922,97.6781107362572,117
"386","help_item_buckets_containers",4924,97.717801151022,115
"387","condition_blankets",4928,97.7971819805517,111
"388","last_blankets",4928,97.7971819805517,111
"389","voucher_preferred",4935,97.9360984322286,104
"390","returnee_timeline",4947,98.1742409208176,92
"391","help_shelter_gypsum",4964,98.5116094463187,75
"392","bad_behavior_type",4966,98.5512998610835,73
"393","bad_behavior_type.bad_behavior",4966,98.5512998610835,73
"394","bad_behavior_type.bribe_request",4966,98.5512998610835,73
"395","bad_behavior_type.govt_interference",4966,98.5512998610835,73
"396","bad_behavior_type.minority_discrimination",4966,98.5512998610835,73
"397","bad_behavior_type.other",4966,98.5512998610835,73
"398","bad_behavior_type.relationship_favor",4966,98.5512998610835,73
"399","bad_behavior_type.wont_say",4966,98.5512998610835,73
"400","shelter_quality",4975,98.7299067275253,64
"401","shelter_satisfaction",4975,98.7299067275253,64
"402","additional_help_other",4979,98.809287557055,60
"403","condition_winter_clothing",4982,98.8688231792022,57
"404","last_winter_clothing",4982,98.8688231792022,57
"405","aid_spent_edu",4983,98.8886683865846,56
"406","help_item_jerry_cans",4984,98.9085135939671,55
"407","collect_cash_other",4993,99.0871204604088,46
"408","trade_items_which",4996,99.1466560825561,43
"409","trade_items_which.blankets",4996,99.1466560825561,43
"410","trade_items_which.emergency_shelter_kit",4996,99.1466560825561,43
"411","trade_items_which.gas_cylinder_bukhari",4996,99.1466560825561,43
"412","trade_items_which.kitchen_items",4996,99.1466560825561,43
"413","trade_items_which.labour",4996,99.1466560825561,43
"414","trade_items_which.none",4996,99.1466560825561,43
"415","trade_items_which.other",4996,99.1466560825561,43
"416","trade_items_which.other_fuel",4996,99.1466560825561,43
"417","trade_items_which.replacement_tent",4996,99.1466560825561,43
"418","trade_items_which.shelter_materials_upg",4996,99.1466560825561,43
"419","trade_items_which.shelter_repair_items",4996,99.1466560825561,43
"420","trade_items_which.shelter_tools_upg",4996,99.1466560825561,43
"421","trade_items_which.sleeping_mats",4996,99.1466560825561,43
"422","trade_items_which.solar",4996,99.1466560825561,43
"423","trade_items_which.tarpaulin",4996,99.1466560825561,43
"424","trade_items_which.water_storage_containers",4996,99.1466560825561,43
"425","trade_items_which.winter_clothing",4996,99.1466560825561,43
"426","trade_items_why",4996,99.1466560825561,43
"427","trade_money",4996,99.1466560825561,43
"428","aid_items_other",4997,99.1665012899385,42
"429","nfi_needs_bad_other",5001,99.2458821194681,38
"430","cash_spend_how_other",5004,99.3054177416154,35
"431","un_cash_preferred_other",5004,99.3054177416154,35
"432","inkind_preferred",5006,99.3451081563802,33
"433","inkind_preferred_type",5006,99.3451081563802,33
"434","inkind_preferred_type.blankets",5006,99.3451081563802,33
"435","inkind_preferred_type.emergency_shelter_kit",5006,99.3451081563802,33
"436","inkind_preferred_type.gas_cylinder_bukhari",5006,99.3451081563802,33
"437","inkind_preferred_type.kitchen_items",5006,99.3451081563802,33
"438","inkind_preferred_type.labour",5006,99.3451081563802,33
"439","inkind_preferred_type.none",5006,99.3451081563802,33
"440","inkind_preferred_type.other",5006,99.3451081563802,33
"441","inkind_preferred_type.other_fuel",5006,99.3451081563802,33
"442","inkind_preferred_type.replacement_tent",5006,99.3451081563802,33
"443","inkind_preferred_type.shelter_materials_upg",5006,99.3451081563802,33
"444","inkind_preferred_type.shelter_repair_items",5006,99.3451081563802,33
"445","inkind_preferred_type.shelter_tools_upg",5006,99.3451081563802,33
"446","inkind_preferred_type.sleeping_mats",5006,99.3451081563802,33
"447","inkind_preferred_type.solar",5006,99.3451081563802,33
"448","inkind_preferred_type.tarpaulin",5006,99.3451081563802,33
"449","inkind_preferred_type.water_storage_containers",5006,99.3451081563802,33
"450","inkind_preferred_type.winter_clothing",5006,99.3451081563802,33
"451","condition_tarpaulin",5009,99.4046437785275,30
"452","last_tarpaulin",5009,99.4046437785275,30
"453","condition_kitchen_items",5010,99.4244889859099,29
"454","last_kitchen_items",5010,99.4244889859099,29
"455","aid_spent_savings",5012,99.4641794006747,27
"456","last_water_storage_containers",5013,99.4840246080572,26
"457","water_storage_containers",5013,99.4840246080572,26
"458","shelter_needs_bad_other",5014,99.5038698154396,25
"459","aid_spent_other",5015,99.523715022822,24
"460","aid_spent_other_text",5015,99.523715022822,24
"461","debt_not_pay_other",5015,99.523715022822,24
"462","trip_payment_who",5018,99.5832506449692,21
"463","income_source_other",5022,99.6626314744989,17
"464","trip_payment_amount",5023,99.6824766818813,16
"465","vendor_challenge_what",5025,99.7221670966462,14
"466","vendor_challenge_what.exchange_voucher",5025,99.7221670966462,14
"467","vendor_challenge_what.items_dont_match_voucher",5025,99.7221670966462,14
"468","vendor_challenge_what.items_not_available",5025,99.7221670966462,14
"469","vendor_challenge_what.market_distance",5025,99.7221670966462,14
"470","vendor_challenge_what.no_access_disabled",5025,99.7221670966462,14
"471","vendor_challenge_what.no_access_women",5025,99.7221670966462,14
"472","vendor_challenge_what.other",5025,99.7221670966462,14
"473","vendor_challenge_what.poor_quality_items",5025,99.7221670966462,14
"474","vendor_challenge_what.security_threat",5025,99.7221670966462,14
"475","condition_other",5026,99.7420123040286,13
"476","last_other",5026,99.7420123040286,13
"477","shelter_concerns_other",5026,99.7420123040286,13
"478","condition_emergency_shelter_kit",5029,99.8015479261758,10
"479","last_emergency_shelter_kit",5029,99.8015479261758,10
"480","cond_spend_items_what_other",5031,99.8412383409407,8
"481","heating_coping_other",5031,99.8412383409407,8
"482","shelter_repairs_other",5031,99.8412383409407,8
"483","other_item_type",5032,99.8610835483231,7
"484","bribe_who",5033,99.8809287557055,6
"485","bribe_who.armed_groups",5033,99.8809287557055,6
"486","bribe_who.community_leadership",5033,99.8809287557055,6
"487","bribe_who.local_govt",5033,99.8809287557055,6
"488","bribe_who.other",5033,99.8809287557055,6
"489","bribe_who.wont_say",5033,99.8809287557055,6
"490","aid_quality_bad",5034,99.9007739630879,5
"491","aid_quality_bad.broken_after",5034,99.9007739630879,5
"492","aid_quality_bad.broken_before",5034,99.9007739630879,5
"493","aid_quality_bad.inappropriate",5034,99.9007739630879,5
"494","aid_quality_bad.missing_parts",5034,99.9007739630879,5
"495","aid_quality_bad.not_enough",5034,99.9007739630879,5
"496","aid_quality_bad.other",5034,99.9007739630879,5
"497","help_shelter_other",5034,99.9007739630879,5
"498","condition_shelter_repair_items",5035,99.9206191704703,4
"499","last_shelter_repair_items",5035,99.9206191704703,4
"500","transport_other",5035,99.9206191704703,4
"501","condition_sleeping_mats",5036,99.9404643778527,3
"502","condition_solar_lamp",5036,99.9404643778527,3
"503","feedback_other",5036,99.9404643778527,3
"504","last_sleeping_mats",5036,99.9404643778527,3
"505","last_solar_lamp",5036,99.9404643778527,3
"506","shelter_quality_bad",5036,99.9404643778527,3
"507","shelter_quality_bad.broken_after",5036,99.9404643778527,3
"508","shelter_quality_bad.broken_before",5036,99.9404643778527,3
"509","shelter_quality_bad.inappropriate",5036,99.9404643778527,3
"510","shelter_quality_bad.missing_parts",5036,99.9404643778527,3
"511","shelter_quality_bad.not_enough",5036,99.9404643778527,3
"512","shelter_quality_bad.other",5036,99.9404643778527,3
"513","condition_replacement_tent",5037,99.9603095852352,2
"514","condition_shelter_materials_upg",5037,99.9603095852352,2
"515","distibution_challenge_other",5037,99.9603095852352,2
"516","last_replacement_tent",5037,99.9603095852352,2
"517","last_shelter_materials_upg",5037,99.9603095852352,2
"518","priority_other",5037,99.9603095852352,2
"519","returnee_location_other",5037,99.9603095852352,2
"520","strata_idp_other",5037,99.9603095852352,2
"521","voucher_goods_other",5037,99.9603095852352,2
"522","assessment_type_other",5038,99.9801547926176,1
"523","con_cash_preferred_other",5038,99.9801547926176,1
"524","condition_labour",5038,99.9801547926176,1
"525","condition_shelter_tools_upg",5038,99.9801547926176,1
"526","help_item_other",5038,99.9801547926176,1
"527","inkind_preferred_other",5038,99.9801547926176,1
"528","last_labour",5038,99.9801547926176,1
"529","last_shelter_tools_upg",5038,99.9801547926176,1
"530","market_transport_other",5038,99.9801547926176,1
"531","nfi_items_other",5038,99.9801547926176,1
"532","relationship_other",5038,99.9801547926176,1
"533","shelter_type_other",5038,99.9801547926176,1
"534","vendor_challenge_what_other",5038,99.9801547926176,1
"535","voucher_preferred_other",5038,99.9801547926176,1
"536","aid_cash_note",5039,100,0
"537","aid_last_note",5039,100,0
"538","aid_quality_bad_other",5039,100,0
"539","aid_spent_note",5039,100,0
"540","audit",5039,100,0
"541","bad_behavior_type_other",5039,100,0
"542","bribe_who_other",5039,100,0
"543","challenge_type_other",5039,100,0
"544","condition_note",5039,100,0
"545","demographics_note",5039,100,0
"546","help_nfi_note",5039,100,0
"547","help_shelter_note",5039,100,0
"548","household_total_note",5039,100,0
"549","inkind_preferred_type_other",5039,100,0
"550","intro",5039,100,0
"551","livelihoods_note",5039,100,0
"552","no_shelter_other",5039,100,0
"553","price_change_note",5039,100,0
"554","thankyou",5039,100,0
"555","trade_items_why_other",5039,100,0
"556","trade_money_other",5039,100,0
"557","voucher_where_other",5039,100,0
"558","X_validation_status",5039,100,0
