Timestamp,Type of NGO,Which INGO do you represent?,"If other, please specify your organization",Which National/Local NGO do you represent?,What happened? (Please write a brief summary of the incident),Date and time of the incident,In which upazila did this incident happen?,Please specify the camp,Please specify the road name or any other significant nearby location ,Please specify the coordinate (if possible) 
4/8/2020 17:35:58,International NGO,Solidarités International,,,"one SI Cox car has been stopped in kolatoli by police and parked. they were requesting approval from RRRC to drive the car in town. After few discussion, Police released the car and drivers saying next time they will keep the car if no official approval is shown ",4/8/2020 15:00:00,Cox's Bazar city,,Kalotali police check post,
4/8/2020 18:06:19,International NGO,Medair,,,Driver with valid RRRC pass stopped by BGB at Morricha Bazar checkpoint saying that the number has not been sent to them from RRRC.,4/8/2020 12:00:00,Ukhiya,,"On the way from Cox's Bazar, go over a bridge and about 0.5 kms before the bazar is BGB checkpoint",don't have
4/8/2020 18:08:24,International NGO,Medair,,,Driver with valid RRRC pass stopped by BGB at Morricha Bazar checkpoint saying that the number has not been sent to them from RRRC.,4/8/2020 17:00:00,Ukhiya,,"Coming from Cox's Bazar approaching Morricha Bazar, there is a bridge: just after the bridge there is a BGB checkpoint about 0.5 km from the bazar itself",don't have
4/8/2020 22:58:09,International NGO,ActionAid,,,Law enforcement team at Camp 11 check post doubted on the authenticity of the RRRC permitted critical service camp access sticker. They asked why there is no date mentioned there.,4/8/2020 10:00:00,Inside Rohingya Camp,Camp 11,Entrance check post,
4/9/2020 9:59:32,International NGO,Medair,,,Driver with valid RRRC pass stopped by BGB at Morricha Bazar checkpoint saying that the number has not been sent to them from RRRC.,4/8/2020 17:00:00,Ukhiya,,"Coming from Cox's Bazar approaching Morricha Bazar, there is a bridge: just after the bridge there is a BGB checkpoint about 0.5 km from the bazar itself",don't have
4/9/2020 11:52:39,International NGO,Other,Bangladesh Red Crescent Society ,,One of our vehicle (DM-18-4785) was stopped and sent back by Folia Para Police Check Post. Though we have the RRRC vehicle pass but the QR code information was not found in the scanning process. Our said vehicle registration number was not in the back-up list in the check post. ,4/9/2020 9:00:00,Ukhiya,,Folia Para road,
4/9/2020 14:52:50,National/Local NGO,,,Unite Theatre for Social Action (UTSA),Husband left wife and wife is suffering with mental shocks ,2/12/2020 11:00:00,Ukhiya,,B20 Camp-4 ,we provided PSS support by our CM Rahela 
4/10/2020 10:14:36,International NGO,World Vision,,,A female staff member was confronted by her landlord who told her if she continued to go the camps and interact with Rohingya she would have to move out.,4/8/2020 18:00:00,Ukhiya,,Ukhiya Bazar,N/A
4/10/2020 16:38:53,International NGO,ActionAid,,,"Army personnel on duty at Ukhiya Degree College check post claimed that they could not find the validity dates after scanning the QR code of RRRC permitted vehicle sticker. Therefore, they did not allow the vehicle to enter in the camp.",4/9/2020 9:00:00,Ukhiya,,Ukhiya Degree College Army Check Post,
4/12/2020 10:54:57,International NGO,Solidarités International,,,"At the BGB check point in Shamlapur, the BGB officers told to SI teams (3 vehicle) that they couldn't find the QR code in their list. After some negociation and showing them the official document from RRRC, they let them go mentioning that these RRRC vehicle authorization will expire on the 10th/04. However, no specific information came from RRRC/ISCG on an expiry date for vehicle information ",4/9/2020 16:00:00,Teknaf,,Marine drive road - Shamlapur Check post,
4/17/2020 17:27:28,International NGO,Medair,,,"Had a vehicle with valid camp pass held at Kolatoli checkpost. Driver was told he doesn't have a permission letter to drive around the city on a Friday. He was kept for 1 hour (not allowed to proceed or leave), for 'punishment'. A call was made to OC and Police to release the vehicle earlier, which happened after 30 mins.",4/17/2020 13:00:00,Cox's Bazar - Kolatoli,,Kolatoli checkpost,
4/20/2020 8:55:59,International NGO,World Vision,,,"Due to a reported case of COVID in Teknaf, Camp Residents in 23 Blocked the road and would not let WV Nutrition staff access to the camp",4/19/2020 8:00:00,Inside Rohingya Camp,Camp 23,,
4/29/2020 15:05:29,International NGO,BBC Media Action,,,Our driver and personnel were asked for approval from Deputy Commissioner Office during crossing the military check post and asking for employee ID cards,4/28/2020 10:00:00,Cox's Bazar ,,In the front of Cox's Bazar passport office,
5/17/2020 11:27:35,International NGO,Solidarités International,,,"One of SI Car (approved by RRRC) has been stopped by highway police on the way to Whykong Host community for essential activities (improvement of water access). It happened on the 17th/05 (11.00 am) in Highway police check post, Noyapara Station.(After Jimonkhali), Whykong Union. According to the police officer, NGO vehicle weren't allowed to access the area if no doctors on board or if not linked with medical emergency. After discussion with police officer and UNO office, the vehicle could pass the check point.",5/17/2020 11:00:00,"Highway police check post, Noyapara Station.(After Jimonkhali), Whykong Union - Teknaf Upazila",,"Highway police check post, Noyapara Station.(After Jimonkhali), Whykong Union",
6/9/2020 14:32:13,International NGO,Medair,,,"While stopped in Cox's Bazar by official volunteers, some local people came to the vehicle, took the organisation logo from inside and tore it up.",6/8/2020 17:00:00,Cox's Bazar town,,Cox's Bazar town,
6/9/2020 14:35:52,International NGO,Medair,,,"At 4:30pm, at group of local people are block the entrance of our office road at Rajapalong, saying no one can move in there. Landlord was called and he arranged for the group to allow the vehicle to come inside to reach the office for parking.",6/8/2020 16:30:00,Ukhiya,,Moddho Rajapalong - Hizlia road,"21.263220, 92.115040"
6/14/2020 9:41:49,National/Local NGO,,,Society for Health Extension & Development (SHED),One of our Nutrition Site Supervisors of Camp#09 were stopped at his rental house gate at Ward#02 Under Rajapalong Union while he was returning from camp after duty.The local volunteers and UP member's representatives asked him not access the village (Red Zone) as he was returning from rohingya camps.Eventually he got access to his rental house after promising to keep himself in home quarantine for next 14 days.From then he can't move to the camp though he is well.,6/10/2020 2:30:00,Ukhiya,,"Jadi Mora (Near Rajapalong Madrash Gate),Ward#02,Rajapalong",No coordinate is taken
6/14/2020 10:14:14,International NGO,Food for the Hungry / Medical Teams International,,,"On 10th of June, near about at 5pm, the FH vehicles carrying medical staff who came back from the camps had denied to enter to the city. The staff included female doctors and nurses had to walk few kilometers to get home. Staff requested on duty police officers to give the entry but he repeatedly denied and asked to show the DC office letter . ",6/10/2020 17:00:00,In the Holiday check point in the Cox Bazar city ,,Near Holiday Pass Police check post in Cox's Bazar city ,Our staff called the on duty magistrate ( who's number is shared by the DC office) but the phone was not picked 
6/16/2020 12:14:17,International NGO,Medair,,,One of Female Colleague from Shelter was stopped in the barricades done by local volunteers due to covid19 situations. She was challanged and humilited several times to go to work. Some comments make her feel personaly offended.        ,6/14/2020 16:00:00,Cox's Bazar,,BGD Camp road from Terminal to Bajarghota,
6/18/2020 18:59:12,I prefer to report anonymously,,,,"I was in the ATM booth near Salt. It was raining heavily. After taking money from the ATM, I was looking for a tomtom there to go home. Some ward volunteers were there and started teasing me. They used so many slangs and suggested so many bad things. It was so embarrassing and insulting. I got so scared and crossed the road. They crossed the road with me and asked me to go with them. Thankfully some people came there and the volunteers stopped. I got a rickshaw and came back to home. ",6/18/2020 17:00:00,Sadar Upozilla ,,"Outside Salt, Main road, Cox's Bazar ",
6/19/2020 11:42:53,International NGO,World Vision,,,No,,No,,no,no