OID,Name,Province,Region (name)
1,badakhshan,Badakhshan,north_east
2,badghis,Badghis,west
3,baghlan,Baghlan,north_east
4,balkh,Balkh,north
5,bamyan,Bamyan,central_highlands
6,daykundi,Daykundi,central_highlands
7,farah,Farah,west
8,faryab,Faryab,north
9,ghazni,Ghazni,south_east
10,ghor,Ghor,west
11,helmand,Helmand,south
12,herat,Herat,west
13,jawzjan,Jawzjan,north
14,kabul,Kabul,capital
15,kandahar,Kandahar,south
16,kapisa,Kapisa,capital
17,khost,Khost,south_east
18,kunar,Kunar,east
19,kunduz,Kunduz,north_east
20,laghman,Laghman,east
21,logar,Logar,capital
22,maidan_wardak,Maidan Wardak,capital
23,nangarhar,Nangarhar,east
24,nimroz,Nimroz,south
25,nuristan,Nuristan,east
26,paktika,Paktika,south_east
27,paktya,Paktya,south_east
28,panjsher,Panjsher,capital
29,parwan,Parwan,capital
30,samangan,Samangan,north
31,sar_e_pul,Sar-e-Pul,north
32,takhar,Takhar,north_east
33,uruzgan,Uruzgan,south
34,zabul,Zabul,south
