"","strata","benefeciaries_non_benefeciaries","strata.region_recieved_aid","sample_strata_num","population","pop_global","sample_global","survey_weight"
"1","capital","beneficiary","capital_beneficiary",333,2661,56968,4467,0.626593118184889
"2","capital","non_beneficiary","capital_non_beneficiary",28,28,56968,4467,0.0784124420727426
"3","central_highlands","beneficiary","central_highlands_beneficiary",491,2514,56968,4467,0.401484479370417
"4","central_highlands","non_beneficiary","central_highlands_non_beneficiary",22,22,56968,4467,0.0784124420727426
"5","east","beneficiary","east_beneficiary",377,7182,56968,4467,1.49378822007013
"6","east","non_beneficiary","east_non_beneficiary",204,781,56968,4467,0.30019665322947
"7","north","beneficiary","north_beneficiary",442,6823,56968,4467,1.2104255481048
"8","north","non_beneficiary","north_non_beneficiary",197,1111,56968,4467,0.442214330674198
"9","north_east","beneficiary","north_east_beneficiary",606,9800,56968,4467,1.26805599391564
"10","north_east","non_beneficiary","north_east_non_beneficiary",257,5083,56968,4467,1.55085775508074
"11","south","beneficiary","south_beneficiary",362,2341,56968,4467,0.507081566000802
"12","south","non_beneficiary","south_non_beneficiary",87,87,56968,4467,0.0784124420727426
"13","south_east","beneficiary","south_east_beneficiary",414,2562,56968,4467,0.485248011087842
"14","south_east","non_beneficiary","south_east_non_beneficiary",199,2560,56968,4467,1.00872287289558
"15","west","beneficiary","west_beneficiary",357,13322,56968,4467,2.9260799812131
"16","west","non_beneficiary","west_non_beneficiary",91,91,56968,4467,0.0784124420727426
