"","question","num_non_response","perc_non_response","response_rate"
"1","adult_over_18_count",0,0,4899
"2","area_origin",0,0,4899
"3","assessment",0,0,4899
"4","breadwinner",0,0,4899
"5","consent",0,0,4899
"6","date",0,0,4899
"7","deviceid",0,0,4899
"8","disability",0,0,4899
"9","district",0,0,4899
"10","end",0,0,4899
"11","end_survey",0,0,4899
"12","enumerator_gender",0,0,4899
"13","enumerator_id",0,0,4899
"14","enumerator_uuid",0,0,4899
"15","female_1_4",0,0,4899
"16","female_18_59",0,0,4899
"17","female_5_17",0,0,4899
"18","female_60_over",0,0,4899
"19","female_less_1",0,0,4899
"20","gender_female_count",0,0,4899
"21","heating",0,0,4899
"22","hoh_marital",0,0,4899
"23","host_idps",0,0,4899
"24","household_size",0,0,4899
"25","household_total",0,0,4899
"26","livelihoods_bad_jobs",0,0,4899
"27","livelihoods_begging",0,0,4899
"28","livelihoods_children_work",0,0,4899
"29","livelihoods_debt",0,0,4899
"30","livelihoods_less_food",0,0,4899
"31","livelihoods_less_services",0,0,4899
"32","livelihoods_sell_assets",0,0,4899
"33","livelihoods_shelter_land",0,0,4899
"34","male_1_4",0,0,4899
"35","male_18_59",0,0,4899
"36","male_5_17",0,0,4899
"37","male_60_over",0,0,4899
"38","male_less_1",0,0,4899
"39","market_challenge",0,0,4899
"40","market_distance",0,0,4899
"41","market_transport",0,0,4899
"42","nfi_items",0,0,4899
"43","nfi_items.blankets",0,0,4899
"44","nfi_items.buckets",0,0,4899
"45","nfi_items.cook_fuel",0,0,4899
"46","nfi_items.gas",0,0,4899
"47","nfi_items.jerry_can",0,0,4899
"48","nfi_items.none",0,0,4899
"49","nfi_items.other",0,0,4899
"50","nfi_items.other_fuel",0,0,4899
"51","nfi_items.other_kitch",0,0,4899
"52","nfi_items.sleep_mat",0,0,4899
"53","nfi_items.solar",0,0,4899
"54","nfi_items.winter_clothing",0,0,4899
"55","nursing_count",0,0,4899
"56","other_item",0,0,4899
"57","price_change_blankets",0,0,4899
"58","price_change_bukhari",0,0,4899
"59","price_change_charcoal",0,0,4899
"60","price_change_cooking",0,0,4899
"61","price_change_gas",0,0,4899
"62","price_change_glass",0,0,4899
"63","price_change_jackets",0,0,4899
"64","price_change_stove",0,0,4899
"65","price_change_wood",0,0,4899
"66","priority",0,0,4899
"67","province",0,0,4899
"68","received_aid_mark",0,0,4899
"69","received_aid_mark_2",0,0,4899
"70","resp_age",0,0,4899
"71","resp_disability",0,0,4899
"72","resp_gender",0,0,4899
"73","resp_hoh",0,0,4899
"74","shelter_concerns",0,0,4899
"75","shelter_concerns.eviction",0,0,4899
"76","shelter_concerns.hosting_problems",0,0,4899
"77","shelter_concerns.landlord_problems",0,0,4899
"78","shelter_concerns.no_insulation",0,0,4899
"79","shelter_concerns.none",0,0,4899
"80","shelter_concerns.other",0,0,4899
"81","shelter_concerns.overcrowding",0,0,4899
"82","shelter_concerns.repair_materials",0,0,4899
"83","shelter_concerns.sanitation_bad",0,0,4899
"84","shelter_concerns.shelter_damage",0,0,4899
"85","shelter_concerns.unaffordable_rent",0,0,4899
"86","shelter_concerns.unsafe_female",0,0,4899
"87","shelter_repairs",0,0,4899
"88","shelter_repairs.cash_labour",0,0,4899
"89","shelter_repairs.cement",0,0,4899
"90","shelter_repairs.floor_mats",0,0,4899
"91","shelter_repairs.foundation_walls",0,0,4899
"92","shelter_repairs.gypsum",0,0,4899
"93","shelter_repairs.insulation",0,0,4899
"94","shelter_repairs.none",0,0,4899
"95","shelter_repairs.openings",0,0,4899
"96","shelter_repairs.other",0,0,4899
"97","shelter_repairs.roofing",0,0,4899
"98","shelter_repairs.soil",0,0,4899
"99","shelter_repairs.tarpaulin",0,0,4899
"100","shelter_repairs.tents",0,0,4899
"101","shelter_repairs.tools",0,0,4899
"102","shelter_type",0,0,4899
"103","start",0,0,4899
"104","tazkera",0,0,4899
"105","trip_payment",0,0,4899
"106","village",0,0,4899
"107","X_id",0,0,4899
"108","X_index",0,0,4899
"109","X_submission_time",0,0,4899
"110","X_uuid",0,0,4899
"111","pregnant",4,0.0816493161869769,4895
"112","list_displacement",19,0.38783425188814,4880
"113","income",68,1.38803837517861,4831
"114","cash_flow",252,5.14390691977955,4647
"115","cash_flow.govt_benefits",252,5.14390691977955,4647
"116","cash_flow.humanitarian_aid",252,5.14390691977955,4647
"117","cash_flow.loans",252,5.14390691977955,4647
"118","cash_flow.remittances",252,5.14390691977955,4647
"119","cash_flow.sell_assets",252,5.14390691977955,4647
"120","cash_flow.work",252,5.14390691977955,4647
"121","income_source",478,9.75709328434374,4421
"122","additional_help",791,16.1461522759747,4108
"123","assessment_type",868,17.717901612574,4031
"124","received_aid_type",882,18.0036742192284,4017
"125","breastfeeding",968,19.7591345172484,3931
"126","aid_impact",1085,22.1473770157175,3814
"127","aid_in_time",1085,22.1473770157175,3814
"128","aid_late",1085,22.1473770157175,3814
"129","aid_month",1085,22.1473770157175,3814
"130","aid_preference",1085,22.1473770157175,3814
"131","bad_behavior",1085,22.1473770157175,3814
"132","cash_received",1085,22.1473770157175,3814
"133","complaint",1085,22.1473770157175,3814
"134","distribution",1085,22.1473770157175,3814
"135","feedback",1085,22.1473770157175,3814
"136","hh_in_need",1085,22.1473770157175,3814
"137","modality",1085,22.1473770157175,3814
"138","multiple_agencies",1085,22.1473770157175,3814
"139","negative_impact",1085,22.1473770157175,3814
"140","org_present",1085,22.1473770157175,3814
"141","other_aid",1085,22.1473770157175,3814
"142","satisfaction",1085,22.1473770157175,3814
"143","security_concerns",1085,22.1473770157175,3814
"144","transport",1085,22.1473770157175,3814
"145","transport_distance",1085,22.1473770157175,3814
"146","nfi_needs_met",1101,22.4739742804654,3798
"147","impact_continued",1197,24.4335578689528,3702
"148","un_cash_preferred",1320,26.9442743417024,3579
"149","refugee",1358,27.7199428454787,3541
"150","strata_idp",1358,27.7199428454787,3541
"151","time_arrived",1358,27.7199428454787,3541
"152","collect_cash",1492,30.4551949377424,3407
"153","aid_currency",1493,30.4756072667891,3406
"154","aid_cash_debt",1494,30.4960195958359,3405
"155","aid_cash_edu",1494,30.4960195958359,3405
"156","aid_cash_food",1494,30.4960195958359,3405
"157","aid_cash_fuel",1494,30.4960195958359,3405
"158","aid_cash_health",1494,30.4960195958359,3405
"159","aid_cash_heating",1494,30.4960195958359,3405
"160","aid_cash_nfi",1494,30.4960195958359,3405
"161","aid_cash_rent",1494,30.4960195958359,3405
"162","aid_cash_savings",1494,30.4960195958359,3405
"163","aid_cash_shelter",1494,30.4960195958359,3405
"164","aid_cash_transport",1494,30.4960195958359,3405
"165","cash_challenge",1494,30.4960195958359,3405
"166","cash_challenge.assistace_not_enough",1494,30.4960195958359,3405
"167","cash_challenge.exchance_money_difficult",1494,30.4960195958359,3405
"168","cash_challenge.items_not_in_market",1494,30.4960195958359,3405
"169","cash_challenge.market_distance",1494,30.4960195958359,3405
"170","cash_challenge.no_access_disability",1494,30.4960195958359,3405
"171","cash_challenge.no_women",1494,30.4960195958359,3405
"172","cash_challenge.none",1494,30.4960195958359,3405
"173","cash_challenge.security_threats",1494,30.4960195958359,3405
"174","cash_spend",1494,30.4960195958359,3405
"175","prefer_currency",1494,30.4960195958359,3405
"176","prefer_currency_why",1494,30.4960195958359,3405
"177","help_item_other_fuel",1625,33.1700347009594,3274
"178","aid_cash_other",1658,33.8436415595019,3241
"179","cash_afs",1685,34.394774443764,3214
"180","aid_spent_food",1689,34.476423759951,3210
"181","debt_consent",1711,34.9254949989794,3188
"182","debt_pay",1711,34.9254949989794,3188
"183","debt_amount",1863,38.0281690140845,3036
"184","shelter_needs_met",1892,38.6201265564401,3007
"185","heating_coping",2086,42.5801183915085,2813
"186","shelter_needs_bad",2093,42.7230046948357,2806
"187","shelter_needs_bad.adults_work",2093,42.7230046948357,2806
"188","shelter_needs_bad.borrow_materials",2093,42.7230046948357,2806
"189","shelter_needs_bad.borrow_money",2093,42.7230046948357,2806
"190","shelter_needs_bad.children_beg",2093,42.7230046948357,2806
"191","shelter_needs_bad.nothing",2093,42.7230046948357,2806
"192","shelter_needs_bad.other",2093,42.7230046948357,2806
"193","shelter_needs_bad.redirect_money",2093,42.7230046948357,2806
"194","shelter_needs_bad.reduce_expenses_food",2093,42.7230046948357,2806
"195","shelter_needs_bad.reduce_expenses_nonfood",2093,42.7230046948357,2806
"196","shelter_needs_bad.scavenge",2093,42.7230046948357,2806
"197","shelter_needs_bad.sell_assets",2093,42.7230046948357,2806
"198","shelter_needs_bad.sell_land",2093,42.7230046948357,2806
"199","shelter_needs_bad.sell_other_assets",2093,42.7230046948357,2806
"200","nfi_needs_bad",2380,48.5813431312513,2519
"201","nfi_needs_bad.adults_work",2380,48.5813431312513,2519
"202","nfi_needs_bad.borrow_materials",2380,48.5813431312513,2519
"203","nfi_needs_bad.borrow_money",2380,48.5813431312513,2519
"204","nfi_needs_bad.children_beg",2380,48.5813431312513,2519
"205","nfi_needs_bad.nothing",2380,48.5813431312513,2519
"206","nfi_needs_bad.other",2380,48.5813431312513,2519
"207","nfi_needs_bad.redirect_money",2380,48.5813431312513,2519
"208","nfi_needs_bad.reduce_expenses_food",2380,48.5813431312513,2519
"209","nfi_needs_bad.reduce_expenses_nonfood",2380,48.5813431312513,2519
"210","nfi_needs_bad.scavenge",2380,48.5813431312513,2519
"211","nfi_needs_bad.sell_assets",2380,48.5813431312513,2519
"212","nfi_needs_bad.sell_land",2380,48.5813431312513,2519
"213","nfi_needs_bad.sell_other_assets",2380,48.5813431312513,2519
"214","aid_spent_fuel",2425,49.4998979383548,2474
"215","cash_challenge.distance",2675,54.6029802000408,2224
"216","cash_challenge.hard_to_exchange",2675,54.6029802000408,2224
"217","cash_challenge.needs_not_covered",2675,54.6029802000408,2224
"218","cash_challenge.no_access",2675,54.6029802000408,2224
"219","cash_challenge.not_available",2675,54.6029802000408,2224
"220","cash_challenge.security",2675,54.6029802000408,2224
"221","aid_spent_heating",2869,58.5629720351092,2030
"222","cash_spend_how",2887,58.9303939579506,2012
"223","cash_spend_how.blankets",2887,58.9303939579506,2012
"224","cash_spend_how.emergency_shelter_kit",2887,58.9303939579506,2012
"225","cash_spend_how.gas_cylinder_bukhari",2887,58.9303939579506,2012
"226","cash_spend_how.kitchen_items",2887,58.9303939579506,2012
"227","cash_spend_how.labour",2887,58.9303939579506,2012
"228","cash_spend_how.none",2887,58.9303939579506,2012
"229","cash_spend_how.other",2887,58.9303939579506,2012
"230","cash_spend_how.other_fuel",2887,58.9303939579506,2012
"231","cash_spend_how.replacement_tent",2887,58.9303939579506,2012
"232","cash_spend_how.shelter_materials_upg",2887,58.9303939579506,2012
"233","cash_spend_how.shelter_repair_items",2887,58.9303939579506,2012
"234","cash_spend_how.shelter_tools_upg",2887,58.9303939579506,2012
"235","cash_spend_how.sleeping_mats",2887,58.9303939579506,2012
"236","cash_spend_how.tarpaulin",2887,58.9303939579506,2012
"237","cash_spend_how.water_storage_containers",2887,58.9303939579506,2012
"238","cash_spend_how.winter_clothing",2887,58.9303939579506,2012
"239","cash_spend_how.solar",2949,60.1959583588487,1950
"240","cash_conditional",2966,60.5429679526434,1933
"241","help_item_blankets",2996,61.1553378240457,1903
"242","challenge_type",3007,61.3798734435599,1892
"243","challenge_type.cash_not_enough",3007,61.3798734435599,1892
"244","challenge_type.currency_not_accepted",3007,61.3798734435599,1892
"245","challenge_type.currency_poor_rate",3007,61.3798734435599,1892
"246","challenge_type.long_distance",3007,61.3798734435599,1892
"247","challenge_type.no_access_security",3007,61.3798734435599,1892
"248","challenge_type.no_access_snow",3007,61.3798734435599,1892
"249","challenge_type.no_transport_assistance",3007,61.3798734435599,1892
"250","challenge_type.not_available",3007,61.3798734435599,1892
"251","challenge_type.other",3007,61.3798734435599,1892
"252","challenge_type.poor_quality",3007,61.3798734435599,1892
"253","challenge_type.price_increases",3007,61.3798734435599,1892
"254","cond_spend",3098,63.2373953868136,1801
"255","help_shelter_opening",3100,63.2782200449071,1799
"256","help_item_winter_clothing",3112,63.5231679934681,1787
"257","help_item_gas_fuel_bukhari",3189,65.0949173300674,1710
"258","debt_not_pay",3233,65.9930598081241,1666
"259","debt_not_pay.adults_work",3233,65.9930598081241,1666
"260","debt_not_pay.borrow_materials",3233,65.9930598081241,1666
"261","debt_not_pay.borrow_money",3233,65.9930598081241,1666
"262","debt_not_pay.children_beg",3233,65.9930598081241,1666
"263","debt_not_pay.nothing",3233,65.9930598081241,1666
"264","debt_not_pay.other",3233,65.9930598081241,1666
"265","debt_not_pay.reduce_expenses_food",3233,65.9930598081241,1666
"266","debt_not_pay.reduce_expenses_nonfood",3233,65.9930598081241,1666
"267","debt_not_pay.scavenge",3233,65.9930598081241,1666
"268","debt_not_pay.sell_assets",3233,65.9930598081241,1666
"269","debt_not_pay.sell_land",3233,65.9930598081241,1666
"270","aid_spent_health",3389,69.1773831394162,1510
"271","help_cook_fuel",3425,69.912226985099,1474
"272","cond_cash_explain",3512,71.6880996121657,1387
"273","idp_returnee",3552,72.5045927740355,1347
"274","help_shelter_roof",3619,73.8722188201674,1280
"275","help_shelter_tarpaulin",3802,77.6076750357216,1097
"276","other_hh_aid",3814,77.8526229842825,1085
"277","nfi_needs_met_non_bene",3822,78.0159216166565,1077
"278","aid_spent_rent",3846,78.5058175137783,1053
"279","help_shelter_foundation",3864,78.8732394366197,1035
"280","debt_pay_how",3871,79.0161257399469,1028
"281","debt_pay_how.adults_work",3871,79.0161257399469,1028
"282","debt_pay_how.borrow_materials",3871,79.0161257399469,1028
"283","debt_pay_how.borrow_money",3871,79.0161257399469,1028
"284","debt_pay_how.children_beg",3871,79.0161257399469,1028
"285","debt_pay_how.nothing",3871,79.0161257399469,1028
"286","debt_pay_how.other",3871,79.0161257399469,1028
"287","debt_pay_how.redirect_money",3871,79.0161257399469,1028
"288","debt_pay_how.reduce_expenses_food",3871,79.0161257399469,1028
"289","debt_pay_how.reduce_expenses_nonfood",3871,79.0161257399469,1028
"290","debt_pay_how.scavenge",3871,79.0161257399469,1028
"291","debt_pay_how.sell_assets",3871,79.0161257399469,1028
"292","debt_pay_how.sell_land",3871,79.0161257399469,1028
"293","debt_pay_how.sell_other_assets",3871,79.0161257399469,1028
"294","aid_spent_nfi",3973,81.0981833027148,926
"295","help_shelter_mats",3981,81.2614819350888,918
"296","shelter_needs_met_non_bene",3983,81.3023065931823,916
"297","aid_spent_debt",4075,83.1802408654827,824
"298","aid_spent_shelter",4148,84.6703408858951,751
"299","help_shelter_cash_labour",4191,85.5480710349051,708
"300","aid_spent_transport",4198,85.6909573382323,701
"301","aid_benefit",4305,87.8750765462339,594
"302","aid_tensions",4305,87.8750765462339,594
"303","most_in_need",4305,87.8750765462339,594
"304","hoh_age",4320,88.1812614819351,579
"305","hoh_disability",4320,88.1812614819351,579
"306","hoh_gender",4320,88.1812614819351,579
"307","returnee",4419,90.2020820575628,480
"308","help_shelter_soil",4466,91.1614615227598,433
"309","cond_spend_items",4471,91.2635231679935,428
"310","help_shelter_insulation",4492,91.6921820779751,407
"311","cond_spend_items_what",4524,92.3453766074709,375
"312","help_sleep_mat",4569,93.2639314145744,330
"313","hosting_time",4588,93.6517656664625,311
"314","relationship",4588,93.6517656664625,311
"315","no_shelter",4669,95.3051643192488,230
"316","distribution_challenge",4679,95.5092876097163,220
"317","distribution_challenge.men_women_together",4679,95.5092876097163,220
"318","distribution_challenge.no_id",4679,95.5092876097163,220
"319","distribution_challenge.not_safe",4679,95.5092876097163,220
"320","distribution_challenge.other",4679,95.5092876097163,220
"321","distribution_challenge.rude_staff",4679,95.5092876097163,220
"322","distribution_challenge.wait_2_hours",4679,95.5092876097163,220
"323","distribution_challenge.wrong_amount",4679,95.5092876097163,220
"324","aid_challenges",4680,95.529699938763,219
"325","aid_items",4680,95.529699938763,219
"326","aid_items.blankets",4680,95.529699938763,219
"327","aid_items.emergency_shelter_kit",4680,95.529699938763,219
"328","aid_items.gas_cylinder_bukhari",4680,95.529699938763,219
"329","aid_items.kitchen_items",4680,95.529699938763,219
"330","aid_items.labour",4680,95.529699938763,219
"331","aid_items.none",4680,95.529699938763,219
"332","aid_items.other",4680,95.529699938763,219
"333","aid_items.other_fuel",4680,95.529699938763,219
"334","aid_items.replacement_tent",4680,95.529699938763,219
"335","aid_items.shelter_materials_upg",4680,95.529699938763,219
"336","aid_items.shelter_repair_items",4680,95.529699938763,219
"337","aid_items.shelter_tools_upg",4680,95.529699938763,219
"338","aid_items.sleeping_mats",4680,95.529699938763,219
"339","aid_items.tarpaulin",4680,95.529699938763,219
"340","aid_items.water_storage_containers",4680,95.529699938763,219
"341","aid_items.winter_clothing",4680,95.529699938763,219
"342","aid_quality",4680,95.529699938763,219
"343","most_important_items",4680,95.529699938763,219
"344","most_important_items.blankets",4680,95.529699938763,219
"345","most_important_items.emergency_shelter_kit",4680,95.529699938763,219
"346","most_important_items.gas_cylinder_bukhari",4680,95.529699938763,219
"347","most_important_items.kitchen_items",4680,95.529699938763,219
"348","most_important_items.labour",4680,95.529699938763,219
"349","most_important_items.none",4680,95.529699938763,219
"350","most_important_items.other",4680,95.529699938763,219
"351","most_important_items.other_fuel",4680,95.529699938763,219
"352","most_important_items.replacement_tent",4680,95.529699938763,219
"353","most_important_items.shelter_materials_upg",4680,95.529699938763,219
"354","most_important_items.shelter_repair_items",4680,95.529699938763,219
"355","most_important_items.shelter_tools_upg",4680,95.529699938763,219
"356","most_important_items.sleeping_mats",4680,95.529699938763,219
"357","most_important_items.tarpaulin",4680,95.529699938763,219
"358","most_important_items.water_storage_containers",4680,95.529699938763,219
"359","most_important_items.winter_clothing",4680,95.529699938763,219
"360","trade_items",4680,95.529699938763,219
"361","aid_satisfaction",4683,95.5909369259033,216
"362","aid_items.solar",4690,95.7338232292305,209
"363","most_important_items.solar",4690,95.7338232292305,209
"364","help_item_kitchen_materials",4698,95.8971218616044,201
"365","condition_gas_cylinder_bukhari",4706,96.0604204939784,193
"366","last_gas_cylinder_bukhari",4706,96.0604204939784,193
"367","cash_usd",4707,96.0808328230251,192
"368","vendor",4709,96.1216574811186,190
"369","vendor_challenge",4709,96.1216574811186,190
"370","voucher_explain",4709,96.1216574811186,190
"371","voucher_goods",4709,96.1216574811186,190
"372","voucher_goods.blankets_clothing",4709,96.1216574811186,190
"373","voucher_goods.bukhari_stove",4709,96.1216574811186,190
"374","voucher_goods.gas_cylinder",4709,96.1216574811186,190
"375","voucher_goods.other",4709,96.1216574811186,190
"376","voucher_goods.other_heating_fuel",4709,96.1216574811186,190
"377","voucher_goods.rent",4709,96.1216574811186,190
"378","voucher_goods.wood",4709,96.1216574811186,190
"379","voucher_where",4709,96.1216574811186,190
"380","condition_other_fuel",4718,96.3053684425393,181
"381","last_other_fuel",4718,96.3053684425393,181
"382","help_shelter_tools",4721,96.3666054296795,178
"383","modality_maj",4721,96.3666054296795,178
"384","help_shelter_new_tent",4727,96.48907940396,172
"385","help_item_solar_lamp",4737,96.6932026944274,162
"386","help_shelter_cement",4766,97.285160236783,133
"387","complaint_resolved",4771,97.3872218820167,128
"388","returnee_location",4776,97.4892835272505,123
"389","con_cash_preferred",4795,97.8771177791386,104
"390","voucher_preferred",4796,97.8975301081854,103
"391","help_item_buckets_containers",4798,97.9383547662788,101
"392","returnee_timeline",4801,97.9995917534191,98
"393","bad_behavior_type",4827,98.5303123086344,72
"394","bad_behavior_type.bad_behavior",4827,98.5303123086344,72
"395","bad_behavior_type.bribe_request",4827,98.5303123086344,72
"396","bad_behavior_type.govt_interference",4827,98.5303123086344,72
"397","bad_behavior_type.minority_discrimination",4827,98.5303123086344,72
"398","bad_behavior_type.other",4827,98.5303123086344,72
"399","bad_behavior_type.relationship_favor",4827,98.5303123086344,72
"400","bad_behavior_type.wont_say",4827,98.5303123086344,72
"401","help_shelter_gypsum",4830,98.5915492957747,69
"402","condition_blankets",4837,98.7344355991019,62
"403","last_blankets",4837,98.7344355991019,62
"404","aid_spent_edu",4850,98.9997958767095,49
"405","help_item_jerry_cans",4851,99.0202082057563,48
"406","shelter_quality",4864,99.2855684833639,35
"407","shelter_satisfaction",4864,99.2855684833639,35
"408","trade_money",4868,99.3672177995509,31
"409","condition_winter_clothing",4871,99.4284547866912,28
"410","inkind_preferred",4871,99.4284547866912,28
"411","inkind_preferred_type",4871,99.4284547866912,28
"412","inkind_preferred_type.blankets",4871,99.4284547866912,28
"413","inkind_preferred_type.emergency_shelter_kit",4871,99.4284547866912,28
"414","inkind_preferred_type.gas_cylinder_bukhari",4871,99.4284547866912,28
"415","inkind_preferred_type.kitchen_items",4871,99.4284547866912,28
"416","inkind_preferred_type.labour",4871,99.4284547866912,28
"417","inkind_preferred_type.none",4871,99.4284547866912,28
"418","inkind_preferred_type.other",4871,99.4284547866912,28
"419","inkind_preferred_type.other_fuel",4871,99.4284547866912,28
"420","inkind_preferred_type.replacement_tent",4871,99.4284547866912,28
"421","inkind_preferred_type.shelter_materials_upg",4871,99.4284547866912,28
"422","inkind_preferred_type.shelter_repair_items",4871,99.4284547866912,28
"423","inkind_preferred_type.shelter_tools_upg",4871,99.4284547866912,28
"424","inkind_preferred_type.sleeping_mats",4871,99.4284547866912,28
"425","inkind_preferred_type.tarpaulin",4871,99.4284547866912,28
"426","inkind_preferred_type.water_storage_containers",4871,99.4284547866912,28
"427","inkind_preferred_type.winter_clothing",4871,99.4284547866912,28
"428","last_winter_clothing",4871,99.4284547866912,28
"429","inkind_preferred_type.solar",4872,99.4488671157379,27
"430","aid_spent_savings",4874,99.4896917738314,25
"431","condition_kitchen_items",4876,99.5305164319249,23
"432","last_kitchen_items",4876,99.5305164319249,23
"433","last_water_storage_containers",4876,99.5305164319249,23
"434","trade_items_which.other",4876,99.5305164319249,23
"435","water_storage_containers",4876,99.5305164319249,23
"436","trade_items_which",4877,99.5509287609716,22
"437","trade_items_which.blankets",4877,99.5509287609716,22
"438","trade_items_which.emergency_shelter_kit",4877,99.5509287609716,22
"439","trade_items_which.gas_cylinder_bukhari",4877,99.5509287609716,22
"440","trade_items_which.kitchen_items",4877,99.5509287609716,22
"441","trade_items_which.labour",4877,99.5509287609716,22
"442","trade_items_which.none",4877,99.5509287609716,22
"443","trade_items_which.other_fuel",4877,99.5509287609716,22
"444","trade_items_which.replacement_tent",4877,99.5509287609716,22
"445","trade_items_which.shelter_materials_upg",4877,99.5509287609716,22
"446","trade_items_which.shelter_repair_items",4877,99.5509287609716,22
"447","trade_items_which.shelter_tools_upg",4877,99.5509287609716,22
"448","trade_items_which.sleeping_mats",4877,99.5509287609716,22
"449","trade_items_which.tarpaulin",4877,99.5509287609716,22
"450","trade_items_which.water_storage_containers",4877,99.5509287609716,22
"451","trade_items_which.winter_clothing",4877,99.5509287609716,22
"452","trade_items_why",4877,99.5509287609716,22
"453","trade_items_which.solar",4878,99.5713410900184,21
"454","trip_payment_who",4878,99.5713410900184,21
"455","trip_payment_amount",4883,99.6734027352521,16
"456","aid_spent_other",4884,99.6938150642988,15
"457","vendor_challenge_what",4884,99.6938150642988,15
"458","vendor_challenge_what.exchange_voucher",4884,99.6938150642988,15
"459","vendor_challenge_what.items_dont_match_voucher",4884,99.6938150642988,15
"460","vendor_challenge_what.items_not_available",4884,99.6938150642988,15
"461","vendor_challenge_what.market_distance",4884,99.6938150642988,15
"462","vendor_challenge_what.no_access_disabled",4884,99.6938150642988,15
"463","vendor_challenge_what.no_access_women",4884,99.6938150642988,15
"464","vendor_challenge_what.other",4884,99.6938150642988,15
"465","vendor_challenge_what.poor_quality_items",4884,99.6938150642988,15
"466","vendor_challenge_what.security_threat",4884,99.6938150642988,15
"467","condition_tarpaulin",4888,99.7754643804858,11
"468","last_tarpaulin",4888,99.7754643804858,11
"469","condition_emergency_shelter_kit",4890,99.8162890385793,9
"470","last_emergency_shelter_kit",4890,99.8162890385793,9
"471","collect_cash_other",4891,99.836701367626,8
"472","other_item_type",4891,99.836701367626,8
"473","bribe_who",4893,99.8775260257195,6
"474","bribe_who.armed_groups",4893,99.8775260257195,6
"475","bribe_who.community_leadership",4893,99.8775260257195,6
"476","bribe_who.local_govt",4893,99.8775260257195,6
"477","bribe_who.other",4893,99.8775260257195,6
"478","bribe_who.wont_say",4893,99.8775260257195,6
"479","condition_other",4894,99.8979383547663,5
"480","last_other",4894,99.8979383547663,5
"481","cond_spend_items_what_other",4896,99.9387630128598,3
"482","debt_not_pay_other",4896,99.9387630128598,3
"483","help_shelter_other",4896,99.9387630128598,3
"484","income_source_other",4896,99.9387630128598,3
"485","aid_spent_other_text",4897,99.9591753419065,2
"486","condition_solar_lamp",4897,99.9591753419065,2
"487","distibution_challenge_other",4897,99.9591753419065,2
"488","help_item_other",4897,99.9591753419065,2
"489","last_solar_lamp",4897,99.9591753419065,2
"490","returnee_location_other",4897,99.9591753419065,2
"491","shelter_concerns_other",4897,99.9591753419065,2
"492","vendor_challenge_what_other",4897,99.9591753419065,2
"493","additional_help_other",4898,99.9795876709533,1
"494","aid_items_other",4898,99.9795876709533,1
"495","aid_quality_bad",4898,99.9795876709533,1
"496","aid_quality_bad.broken_after",4898,99.9795876709533,1
"497","aid_quality_bad.broken_before",4898,99.9795876709533,1
"498","aid_quality_bad.inappropriate",4898,99.9795876709533,1
"499","aid_quality_bad.missing_parts",4898,99.9795876709533,1
"500","aid_quality_bad.not_enough",4898,99.9795876709533,1
"501","aid_quality_bad.other",4898,99.9795876709533,1
"502","cash_spend_how_other",4898,99.9795876709533,1
"503","condition_labour",4898,99.9795876709533,1
"504","condition_shelter_tools_upg",4898,99.9795876709533,1
"505","last_labour",4898,99.9795876709533,1
"506","last_shelter_tools_upg",4898,99.9795876709533,1
"507","shelter_quality_bad",4898,99.9795876709533,1
"508","shelter_quality_bad.broken_after",4898,99.9795876709533,1
"509","shelter_quality_bad.broken_before",4898,99.9795876709533,1
"510","shelter_quality_bad.inappropriate",4898,99.9795876709533,1
"511","shelter_quality_bad.missing_parts",4898,99.9795876709533,1
"512","shelter_quality_bad.not_enough",4898,99.9795876709533,1
"513","shelter_quality_bad.other",4898,99.9795876709533,1
"514","strata_idp_other",4898,99.9795876709533,1
"515","transport_other",4898,99.9795876709533,1
"516","aid_cash_note",4899,100,0
"517","aid_last_note",4899,100,0
"518","aid_quality_bad_other",4899,100,0
"519","aid_spent_note",4899,100,0
"520","assessment_type_other",4899,100,0
"521","audit",4899,100,0
"522","bad_behavior_type_other",4899,100,0
"523","bribe_who_other",4899,100,0
"524","challenge_type_other",4899,100,0
"525","con_cash_preferred_other",4899,100,0
"526","condition_note",4899,100,0
"527","condition_replacement_tent",4899,100,0
"528","condition_shelter_materials_upg",4899,100,0
"529","condition_shelter_repair_items",4899,100,0
"530","condition_sleeping_mats",4899,100,0
"531","debt_pay_how_other",4899,100,0
"532","demographics_note",4899,100,0
"533","feedback_other",4899,100,0
"534","heating_coping_other",4899,100,0
"535","help_nfi_note",4899,100,0
"536","help_shelter_note",4899,100,0
"537","household_total_note",4899,100,0
"538","inkind_preferred_other",4899,100,0
"539","inkind_preferred_type_other",4899,100,0
"540","intro",4899,100,0
"541","last_replacement_tent",4899,100,0
"542","last_shelter_materials_upg",4899,100,0
"543","last_shelter_repair_items",4899,100,0
"544","last_sleeping_mats",4899,100,0
"545","livelihoods_note",4899,100,0
"546","market_transport_other",4899,100,0
"547","nfi_items_other",4899,100,0
"548","nfi_needs_bad_other",4899,100,0
"549","no_shelter_other",4899,100,0
"550","prefer_currency_why_other",4899,100,0
"551","price_change_note",4899,100,0
"552","priority_other",4899,100,0
"553","relationship_other",4899,100,0
"554","shelter_needs_bad_other",4899,100,0
"555","shelter_repairs_other",4899,100,0
"556","shelter_type_other",4899,100,0
"557","thankyou",4899,100,0
"558","trade_items_why_other",4899,100,0
"559","trade_money_other",4899,100,0
"560","un_cash_preferred_other",4899,100,0
"561","voucher_goods_other",4899,100,0
"562","voucher_preferred_other",4899,100,0
"563","voucher_where_other",4899,100,0
"564","X_validation_status",4899,100,0
