"","strata","strata.region_and_modality","received_aid_type","sample_strata_num","population","pop_global","sample_global","survey_weight"
"1","capital","capital_conditional_cash","conditional_cash",154,544,47205,3472,0.259818393660148
"2","capital","capital_unconditional_cash","unconditional_cash",167,2117,47205,3472,0.932386767615072
"3","central_highlands","central_highlands_conditional_cash","conditional_cash",117,202,47205,3472,0.126986403185958
"4","central_highlands","central_highlands_unconditional_cash","unconditional_cash",195,1423,47205,3472,0.536737579406788
"5","central_highlands","central_highlands_voucher","voucher",189,889,47205,3472,0.345964606699698
"6","east","east_conditional_cash","conditional_cash",243,3826,47205,3472,1.15805825479707
"7","east","east_unconditional_cash","unconditional_cash",185,3356,47205,3472,1.3342645219099
"8","north","north_conditional_cash","conditional_cash",256,5099,47205,3472,1.46499708717297
"9","north","north_unconditional_cash","unconditional_cash",200,1724,47205,3472,0.634014193411715
"10","north_east","north_east_conditional_cash","conditional_cash",175,1210,47205,3472,0.508556297002436
"11","north_east","north_east_in_kind","in_kind",238,4201,47205,3472,1.2982772263656
"12","north_east","north_east_unconditional_cash","unconditional_cash",185,4389,47205,3472,1.74496036551327
"13","south","south_conditional_cash","conditional_cash",204,1393,47205,3472,0.502241578762635
"14","south","south_unconditional_cash","unconditional_cash",164,948,47205,3472,0.425163725421811
"15","south_east","south_east_conditional_cash","conditional_cash",231,692,47205,3472,0.220336186780419
"16","south_east","south_east_unconditional_cash","unconditional_cash",202,1870,47205,3472,0.680897832395251
"17","west","west_conditional_cash","conditional_cash",199,5072,47205,3472,1.8746400150312
"18","west","west_unconditional_cash","unconditional_cash",168,8250,47205,3472,3.61190551848321
